{
  "train_loss": [
    0.723124832045805,
    0.6984332303351574,
    0.6946303990190933,
    0.6940787132627618,
    0.693470656609989,
    0.6926285766752364,
    0.6915902575671585,
    0.6924982799617996,
    0.6923203251895933,
    0.6917673176588112,
    0.6913018533809991,
    0.6905170766361287,
    0.6892730100612166,
    0.6886351280470718,
    0.6880532341680624,
    0.6887905902255157,
    0.6871032151959476,
    0.6876208927935074,
    0.68597575214911,
    0.6861158452306275,
    0.6838884928739613,
    0.6849028276140484,
    0.683491471658514,
    0.6833511772476911,
    0.683467605016242,
    0.6816043883431184,
    0.6817858880644836,
    0.6817468792243723,
    0.6808760783159191
  ],
  "train_acc": [
    0.5111639824304539,
    0.503294289897511,
    0.5095168374816984,
    0.5091508052708639,
    0.5099743777452416,
    0.513039897510981,
    0.5224194729136163,
    0.5137719619326501,
    0.5148700585651538,
    0.5183931185944363,
    0.5239751098096632,
    0.5261255490483162,
    0.5330344070278185,
    0.5322108345534406,
    0.536694729136164,
    0.5285962664714495,
    0.5334461932650073,
    0.5369692532942899,
    0.5409040995607614,
    0.5438323572474377,
    0.5501006588579795,
    0.5434663250366032,
    0.5480417276720352,
    0.5479044655929722,
    0.5470808931185944,
    0.5542185212298683,
    0.5528001464128843,
    0.551885065885798,
    0.5574213030746705
  ],
  "val_loss": [
    0.7020938217345768,
    0.6941047955356815,
    0.6931535525135444,
    0.6928188403265891,
    0.6952084073896623,
    0.6937374200905465,
    0.6932419162523461,
    0.6931933283457218,
    0.6928798585089703,
    0.6911122364223036,
    0.6913830901473472,
    0.6913582590985529,
    0.6918398708927633,
    0.6909448573302142,
    0.6932774782834465,
    0.6902720109350043,
    0.6886175106308661,
    0.6875329803906244,
    0.6873113841248744,
    0.6880468810809593,
    0.6868018040358965,
    0.6862286026724904,
    0.6878979148343546,
    0.6857338763420727,
    0.686021135507478,
    0.6868718014166966,
    0.6864245056975282,
    0.6869403411365474,
    0.6867234033153341
  ],
  "val_acc": [
    0.49936026320599525,
    0.5088649241454944,
    0.5022847742643027,
    0.5083165783220618,
    0.494059586912813,
    0.4942423688539572,
    0.5044781575580333,
    0.49716687991226466,
    0.5191007128495705,
    0.5172728934381283,
    0.5207457503198684,
    0.5227563516724547,
    0.5209285322610127,
    0.5258636446719064,
    0.5156278559678303,
    0.5244013891427527,
    0.5271431182599159,
    0.5265947724364832,
    0.5269603363187717,
    0.5282398099067812,
    0.5437762749040395,
    0.5355510875525498,
    0.5313471029062329,
    0.5344543959056846,
    0.533174922317675,
    0.5375616889051362,
    0.5364649972582709,
    0.5371961250228477,
    0.5381100347285688
  ]
}